K,seg_group,n_segments,mean_meth,sd_meth,mean_genes,sd_genes,mean_gene_bp,sd_gene_bp,mean_gene_density,sd_gene_density,mean_promoters,sd_promoters,mean_promoter_bp,sd_promoter_bp
3,3,439,0.876814396955434,0.060660864478699,35.6628701594533,77.6040192314535,1330176.1070615,2775365.24696459,119.661955327455,627.027773902457,138.109339407745,302.247406716607,165690.822323462,362677.507940016
3,2,359,0.434803927585461,0.15478030915144,1.03899721448468,1.59385520377691,22622.7604456825,73264.3799416017,551.418387455054,1579.32911561809,2.06963788300836,6.35918792752308,2433.76323119777,7603.71104427971
3,1,119,0.0736496492760459,0.0989319234412243,0.899159663865546,1.03657648693884,9613.42857142857,29864.651175315,807.518957216461,1600.29328916131,1.00840336134454,3.6348030471888,1153.08403361345,4008.41510287374
