K,seg_group,n_segments,mean_meth,sd_meth,mean_genes,sd_genes,mean_gene_bp,sd_gene_bp,mean_gene_density,sd_gene_density,mean_promoters,sd_promoters,mean_promoter_bp,sd_promoter_bp
8,8,2,0.928176032279512,0.00360088395742705,330,465.276262020748,11871699,16769535.1190129,45.0895580293757,38.3651403212112,1291.5,1826.45681580485,1549800,2191748.17896582
8,4,1,0.424650142601578,,21,,442574,,31.7424328307448,,73,,87600,
8,6,1,0.880849042664267,,63,,2262956,,13.9052404216069,,239,,286800,
8,3,1,0.286315257047627,,1,,117,,8547.00854700855,,0,,0,
8,5,1,0.84386076719523,,1,,26156,,38.2321455880104,,0,,0,
8,2,2,0.172340046661781,0.00161871129501731,1,0,2815.5,3621.09382645631,2053.79026610644,2641.43749012044,0,0,0,0
8,7,1,0.889316947692977,,18,,466652,,23.6114809514377,,83,,99600,
8,1,1,0.00423438731855281,,1,,47309,,21.1376270899829,,5,,6000,
